Workbook
Name Slicer_B2B: #N/A
Name Slicer_Category: #N/A
Name Slicer_fulfilled_by: #N/A
Name Slicer_Order_status: #N/A
Name Slicer_ship_state: #N/A

Sheet Cleaned data
A1: Order ID | B1: Date | C1: Status | D1: Order status | E1: Fulfilment | F1: Sales Channel | G1: ship-service-level | H1: SKU | I1: Category | J1: Size | K1: Courier Status | L1: Qty | M1: Amount | N1: ship-city | O1: ship-state | P1: ship-country | Q1: B2B | R1: fulfilled-by
A2: 405-8078784-5731545 | B2: 44681 | C2: Cancelled | D2: =IF(Table1[[#This Row],[Status]]="Cancelled","Cancelled","Completed") -> Cancelled | E2: Merchant | F2: Amazon.in | G2: Standard | H2: SET389-KR-NP-S | I2: Set | J2: S | L2: 0 | M2: 647.62 | N2: MUMBAI | O2: MAHARASHTRA | P2: IN | Q2: FALSE | R2: Easy Ship
A3: 171-9198151-1101146 | B3: 44681 | C3: Shipped - Delivered to Buyer | D3: =IF(Table1[[#This Row],[Status]]="Cancelled","Cancelled","Completed") -> Completed | E3: Merchant | F3: Amazon.in | G3: Standard | H3: JNE3781-KR-XXXL | I3: kurta | J3: 3XL | K3: Shipped | L3: 1 | M3: 406 | N3: BENGALURU | O3: KARNATAKA | P3: IN | Q3: FALSE | R3: Easy Ship
A4: 404-0687676-7273146 | B4: 44681 | C4: Shipped | D4: =IF(Table1[[#This Row],[Status]]="Cancelled","Cancelled","Completed") -> Completed | E4: Amazon | F4: Amazon.in | G4: Expedited | H4: JNE3371-KR-XL | I4: kurta | J4: XL | K4: Shipped | L4: 1 | M4: 329 | N4: NAVI MUMBAI | O4: MAHARASHTRA | P4: IN | Q4: TRUE
A5: 403-9615377-8133951 | B5: 44681 | C5: Cancelled | D5: =IF(Table1[[#This Row],[Status]]="Cancelled","Cancelled","Completed") -> Cancelled | E5: Merchant | F5: Amazon.in | G5: Standard | H5: J0341-DR-L | I5: Western Dress | J5: L | L5: 0 | M5: 753.33 | N5: PUDUCHERRY | O5: PUDUCHERRY | P5: IN | Q5: FALSE | R5: Easy Ship
A6: 407-1069790-7240320 | B6: 44681 | C6: Shipped | D6: =IF(Table1[[#This Row],[Status]]="Cancelled","Cancelled","Completed") -> Completed | E6: Amazon | F6: Amazon.in | G6: Expedited | H6: JNE3671-TU-XXXL | I6: Top | J6: 3XL | K6: Shipped | L6: 1 | M6: 574 | N6: CHENNAI | O6: TAMIL NADU | P6: IN | Q6: FALSE
A7: 404-1490984-4578765 | B7: 44681 | C7: Shipped | D7: =IF(Table1[[#This Row],[Status]]="Cancelled","Cancelled","Completed") -> Completed | E7: Amazon | F7: Amazon.in | G7: Expedited | H7: SET264-KR-NP-XL | I7: Set | J7: XL | K7: Shipped | L7: 1 | M7: 824 | N7: GHAZIABAD | O7: UTTAR PRADESH | P7: IN | Q7: FALSE
A8: 408-5748499-6859555 | B8: 44681 | C8: Shipped | D8: =IF(Table1[[#This Row],[Status]]="Cancelled","Cancelled","Completed") -> Completed | E8: Amazon | F8: Amazon.in | G8: Expedited | H8: J0095-SET-L | I8: Set | J8: L | K8: Shipped | L8: 1 | M8: 653 | N8: CHANDIGARH | O8: CHANDIGARH | P8: IN | Q8: FALSE
A9: 406-7807733-3785945 | B9: 44681 | C9: Shipped - Delivered to Buyer | D9: =IF(Table1[[#This Row],[Status]]="Cancelled","Cancelled","Completed") -> Completed | E9: Merchant | F9: Amazon.in | G9: Standard | H9: JNE3405-KR-S | I9: kurta | J9: S | K9: Shipped | L9: 1 | M9: 399 | N9: HYDERABAD | O9: TELANGANA | P9: IN | Q9: FALSE | R9: Easy Ship
A10: 402-4393761-0311520 | B10: 44681 | C10: Shipped | D10: =IF(Table1[[#This Row],[Status]]="Cancelled","Cancelled","Completed") -> Completed | E10: Amazon | F10: Amazon.in | G10: Expedited | H10: JNE3461-KR-XXL | I10: kurta | J10: XXL | K10: Shipped | L10: 1 | M10: 363 | N10: Chennai | O10: TAMIL NADU | P10: IN | Q10: FALSE
A11: 407-5633625-6970741 | B11: 44681 | C11: Shipped | D11: =IF(Table1[[#This Row],[Status]]="Cancelled","Cancelled","Completed") -> Completed | E11: Amazon | F11: Amazon.in | G11: Expedited | H11: JNE3160-KR-G-S | I11: kurta | J11: S | K11: Shipped | L11: 1 | M11: 685 | N11: CHENNAI | O11: TAMIL NADU | P11: IN | Q11: FALSE
A12: 171-4638481-6326716 | B12: 44681 | C12: Shipped | D12: =IF(Table1[[#This Row],[Status]]="Cancelled","Cancelled","Completed") -> Completed | E12: Amazon | F12: Amazon.in | G12: Expedited | H12: JNE3500-KR-XS | I12: kurta | J12: XS | K12: Shipped | L12: 1 | M12: 364 | N12: NOIDA | O12: UTTAR PRADESH | P12: IN | Q12: FALSE
A13: 405-5513694-8146768 | B13: 44681 | C13: Shipped - Delivered to Buyer | D13: =IF(Table1[[#This Row],[Status]]="Cancelled","Cancelled","Completed") -> Completed | E13: Merchant | F13: Amazon.in | G13: Standard | H13: JNE3405-KR-XS | I13: kurta | J13: XS | K13: Shipped | L13: 1 | M13: 399 | N13: Amravati. | O13: MAHARASHTRA | P13: IN | Q13: FALSE | R13: Easy Ship
A14: 408-7955685-3083534 | B14: 44681 | C14: Shipped | D14: =IF(Table1[[#This Row],[Status]]="Cancelled","Cancelled","Completed") -> Completed | E14: Amazon | F14: Amazon.in | G14: Expedited | H14: SET182-KR-DH-XS | I14: Set | J14: XS | K14: Shipped | L14: 1 | M14: 657 | N14: MUMBAI | O14: MAHARASHTRA | P14: IN | Q14: FALSE
A15: 408-1298370-1920302 | B15: 44681 | C15: Shipped - Delivered to Buyer | D15: =IF(Table1[[#This Row],[Status]]="Cancelled","Cancelled","Completed") -> Completed | E15: Merchant | F15: Amazon.in | G15: Standard | H15: J0351-SET-L | I15: Set | J15: L | K15: Shipped | L15: 1 | M15: 771 | N15: MUMBAI | O15: MAHARASHTRA | P15: IN | Q15: FALSE | R15: Easy Ship
A16: 403-4965581-9520319 | B16: 44681 | C16: Shipped - Delivered to Buyer | D16: =IF(Table1[[#This Row],[Status]]="Cancelled","Cancelled","Completed") -> Completed | E16: Merchant | F16: Amazon.in | G16: Standard | H16: PJNE3368-KR-6XL | I16: kurta | J16: 6XL | K16: Shipped | L16: 1 | M16: 544 | N16: GUNTAKAL | O16: ANDHRA PRADESH | P16: IN | Q16: FALSE | R16: Easy Ship
A17: 406-9379318-6555504 | B17: 44681 | C17: Shipped | D17: =IF(Table1[[#This Row],[Status]]="Cancelled","Cancelled","Completed") -> Completed | E17: Amazon | F17: Amazon.in | G17: Expedited | H17: JNE3721-KR-XXL | I17: kurta | J17: XXL | K17: Shipped | L17: 1 | M17: 329 | N17: JAIPUR | O17: RAJASTHAN | P17: IN | Q17: FALSE
A18: 405-9013803-8009918 | B18: 44681 | C18: Shipped | D18: =IF(Table1[[#This Row],[Status]]="Cancelled","Cancelled","Completed") -> Completed | E18: Amazon | F18: Amazon.in | G18: Expedited | H18: JNE3405-KR-XL | I18: kurta | J18: XL | K18: Shipped | L18: 1 | M18: 399 | N18: NEW DELHI | O18: DELHI | P18: IN | Q18: FALSE
A19: 402-4030358-5835511 | B19: 44681 | C19: Shipped - Delivered to Buyer | D19: =IF(Table1[[#This Row],[Status]]="Cancelled","Cancelled","Completed") -> Completed | E19: Merchant | F19: Amazon.in | G19: Standard | H19: JNE3697-KR-XXL | I19: kurta | J19: XXL | K19: Shipped | L19: 1 | M19: 458 | N19: Gurgaon | O19: HARYANA | P19: IN | Q19: FALSE | R19: Easy Ship
A20: 405-5957858-1051546 | B20: 44681 | C20: Shipped | D20: =IF(Table1[[#This Row],[Status]]="Cancelled","Cancelled","Completed") -> Completed | E20: Amazon | F20: Amazon.in | G20: Expedited | H20: SET254-KR-NP-XS | I20: Set | J20: XS | K20: Shipped | L20: 1 | M20: 886 | N20: BENGALURU | O20: KARNATAKA | P20: IN | Q20: FALSE
A21: 405-0607769-0716360 | B21: 44681 | C21: Shipped | D21: =IF(Table1[[#This Row],[Status]]="Cancelled","Cancelled","Completed") -> Completed | E21: Amazon | F21: Amazon.in | G21: Expedited | H21: JNE3795-KR-XXXL | I21: kurta | J21: 3XL | K21: Shipped | L21: 1 | M21: 517 | N21: TIRUCHIRAPPALLI | O21: TAMIL NADU | P21: IN | Q21: FALSE
A22: 404-8494550-5860325 | B22: 44681 | C22: Shipped | D22: =IF(Table1[[#This Row],[Status]]="Cancelled","Cancelled","Completed") -> Completed | E22: Amazon | F22: Amazon.in | G22: Expedited | H22: SET345-KR-NP-M | I22: Set | J22: M | K22: Shipped | L22: 1 | M22: 666 | N22: BENGALURU | O22: KARNATAKA | P22: IN | Q22: FALSE
A23: 171-1305077-2813934 | B23: 44681 | C23: Shipped | D23: =IF(Table1[[#This Row],[Status]]="Cancelled","Cancelled","Completed") -> Completed | E23: Amazon | F23: Amazon.in | G23: Expedited | H23: JNE3373-KR-L | I23: kurta | J23: L | K23: Shipped | L23: 1 | M23: 376 | N23: HYDERABAD | O23: TELANGANA | P23: IN | Q23: FALSE
A24: 404-6019946-2909948 | B24: 44681 | C24: Cancelled | D24: =IF(Table1[[#This Row],[Status]]="Cancelled","Cancelled","Completed") -> Cancelled | E24: Merchant | F24: Amazon.in | G24: Standard | H24: SET291-KR-PP-M | I24: Set | J24: M | L24: 0 | M24: 570.48 | N24: pune | O24: MAHARASHTRA | P24: IN | Q24: FALSE | R24: Easy Ship
A25: 402-3384087-4005164 | B25: 44681 | C25: Shipped | D25: =IF(Table1[[#This Row],[Status]]="Cancelled","Cancelled","Completed") -> Completed | E25: Amazon | F25: Amazon.in | G25: Expedited | H25: MEN5002-KR-L | I25: kurta | J25: L | K25: Shipped | L25: 1 | M25: 499 | N25: TEZPUR | O25: ASSAM | P25: IN | Q25: FALSE
A26: 405-8191138-5176316 | B26: 44681 | C26: Shipped - Delivered to Buyer | D26: =IF(Table1[[#This Row],[Status]]="Cancelled","Cancelled","Completed") -> Completed | E26: Merchant | F26: Amazon.in | G26: Standard | H26: NW030-TP-PJ-XS | I26: Set | J26: XS | K26: Shipped | L26: 1 | M26: 582 | N26: RANCHI | O26: JHARKHAND | P26: IN | Q26: FALSE | R26: Easy Ship
A27: 403-9230474-9657916 | B27: 44681 | C27: Shipped - Delivered to Buyer | D27: =IF(Table1[[#This Row],[Status]]="Cancelled","Cancelled","Completed") -> Completed | E27: Merchant | F27: Amazon.in | G27: Standard | H27: JNE3415-KR-XXXL | I27: kurta | J27: 3XL | K27: Shipped | L27: 1 | M27: 299 | N27: BILASPUR | O27: CHHATTISGARH | P27: IN | Q27: FALSE | R27: Easy Ship
A28: 408-3484251-6901959 | B28: 44681 | C28: Shipped | D28: =IF(Table1[[#This Row],[Status]]="Cancelled","Cancelled","Completed") -> Completed | E28: Amazon | F28: Amazon.in | G28: Expedited | H28: PJNE2199-KR-N-4XL | I28: kurta | J28: 4XL | K28: Shipped | L28: 1 | M28: 459 | N28: PUNE | O28: MAHARASHTRA | P28: IN | Q28: FALSE
A29: 405-7755803-4729935 | B29: 44681 | C29: Shipped | D29: =IF(Table1[[#This Row],[Status]]="Cancelled","Cancelled","Completed") -> Completed | E29: Amazon | F29: Amazon.in | G29: Expedited | H29: JNE3567-KR-M | I29: kurta | J29: M | K29: Shipped | L29: 1 | M29: 399 | N29: BENGALURU | O29: KARNATAKA | P29: IN | Q29: FALSE
A30: 171-9040274-9291563 | B30: 44681 | C30: Shipped | D30: =IF(Table1[[#This Row],[Status]]="Cancelled","Cancelled","Completed") -> Completed | E30: Amazon | F30: Amazon.in | G30: Expedited | H30: J0341-DR-S | I30: Western Dress | J30: S | K30: Shipped | L30: 1 | M30: 791 | N30: THIRUVARUR | O30: TAMIL NADU | P30: IN | Q30: FALSE
A31: 403-7056319-0979561 | B31: 44681 | C31: Shipped | D31: =IF(Table1[[#This Row],[Status]]="Cancelled","Cancelled","Completed") -> Completed | E31: Amazon | F31: Amazon.in | G31: Expedited | H31: MEN5009-KR-XL | I31: kurta | J31: XL | K31: Shipped | L31: 1 | M31: 499 | N31: LUCKNOW | O31: UTTAR PRADESH | P31: IN | Q31: FALSE
A32: 404-9632124-1107550 | B32: 44681 | C32: Shipped - Delivered to Buyer | D32: =IF(Table1[[#This Row],[Status]]="Cancelled","Cancelled","Completed") -> Completed | E32: Merchant | F32: Amazon.in | G32: Standard | H32: J0011-LCD-M | I32: Set | J32: M | K32: Shipped | L32: 1 | M32: 1233 | N32: VISAKHAPATNAM | O32: ANDHRA PRADESH | P32: IN | Q32: FALSE | R32: Easy Ship
A33: 402-1465437-0579556 | B33: 44681 | C33: Shipped - Delivered to Buyer | D33: =IF(Table1[[#This Row],[Status]]="Cancelled","Cancelled","Completed") -> Completed | E33: Merchant | F33: Amazon.in | G33: Standard | H33: JNE3766-KR-M | I33: kurta | J33: M | K33: Shipped | L33: 1 | M33: 517 | N33: JEYPUR | O33: ODISHA | P33: IN | Q33: FALSE | R33: Easy Ship
A34: 404-7774085-3780319 | B34: 44681 | C34: Shipped | D34: =IF(Table1[[#This Row],[Status]]="Cancelled","Cancelled","Completed") -> Completed | E34: Amazon | F34: Amazon.in | G34: Expedited | H34: JNE3373-KR-XL | I34: kurta | J34: XL | K34: Shipped | L34: 1 | M34: 376 | N34: HYDERABAD | O34: TELANGANA | P34: IN | Q34: FALSE
A35: 402-2764952-1492318 | B35: 44681 | C35: Shipped - Delivered to Buyer | D35: =IF(Table1[[#This Row],[Status]]="Cancelled","Cancelled","Completed") -> Completed | E35: Merchant | F35: Amazon.in | G35: Standard | H35: MEN5001-KR-XL | I35: kurta | J35: XL | K35: Shipped | L35: 1 | M35: 499 | N35: LUCKNOW | O35: UTTAR PRADESH | P35: IN | Q35: FALSE | R35: Easy Ship
A36: 406-0272200-7784379 | B36: 44681 | C36: Shipped | D36: =IF(Table1[[#This Row],[Status]]="Cancelled","Cancelled","Completed") -> Completed | E36: Amazon | F36: Amazon.in | G36: Expedited | H36: SET345-KR-NP-L | I36: Set | J36: L | K36: Shipped | L36: 1 | M36: 666 | N36: CHENNAI | O36: TAMIL NADU | P36: IN | Q36: FALSE
A37: 403-4367956-2849158 | B37: 44681 | C37: Shipped | D37: =IF(Table1[[#This Row],[Status]]="Cancelled","Cancelled","Completed") -> Completed | E37: Amazon | F37: Amazon.in | G37: Expedited | H37: JNE3787-KR-S | I37: kurta | J37: S | K37: Shipped | L37: 1 | M37: 487 | N37: NEW DELHI | O37: DELHI | P37: IN | Q37: FALSE
A38: 403-4367956-2849158 | B38: 44681 | C38: Shipped | D38: =IF(Table1[[#This Row],[Status]]="Cancelled","Cancelled","Completed") -> Completed | E38: Amazon | F38: Amazon.in | G38: Expedited | H38: JNE3543-KR-S | I38: kurta | J38: S | K38: Shipped | L38: 1 | M38: 368 | N38: NEW DELHI | O38: DELHI | P38: IN | Q38: FALSE
A39: 403-4242957-8599555 | B39: 44681 | C39: Shipped | D39: =IF(Table1[[#This Row],[Status]]="Cancelled","Cancelled","Completed") -> Completed | E39: Amazon | F39: Amazon.in | G39: Expedited | H39: JNE3405-KR-L | I39: kurta | J39: L | K39: Shipped | L39: 1 | M39: 399 | N39: THIRUVANANTHAPURAM | O39: KERALA | P39: IN | Q39: FALSE
A40: 408-7165704-5643524 | B40: 44681 | C40: Shipped | D40: =IF(Table1[[#This Row],[Status]]="Cancelled","Cancelled","Completed") -> Completed | E40: Amazon | F40: Amazon.in | G40: Expedited | H40: J0211-DR-XXL | I40: Ethnic Dress | J40: XXL | K40: Shipped | L40: 1 | M40: 699 | N40: GREATER NOIDA | O40: UTTAR PRADESH | P40: IN | Q40: FALSE
A41: 402-8210765-3935569 | B41: 44681 | C41: Shipped | D41: =IF(Table1[[#This Row],[Status]]="Cancelled","Cancelled","Completed") -> Completed | E41: Amazon | F41: Amazon.in | G41: Expedited | H41: J0401-DR-XXXL | I41: Western Dress | J41: 3XL | K41: Shipped | L41: 1 | M41: 885 | N41: JABALPUR | O41: MADHYA PRADESH | P41: IN | Q41: FALSE
A42: 406-7398201-3869914 | B42: 44681 | C42: Shipped - Delivered to Buyer | D42: =IF(Table1[[#This Row],[Status]]="Cancelled","Cancelled","Completed") -> Completed | E42: Merchant | F42: Amazon.in | G42: Standard | H42: JNE2153-KR-278-A-M | I42: kurta | J42: M | K42: Shipped | L42: 1 | M42: 424 | N42: MUMBAI | O42: MAHARASHTRA | P42: IN | Q42: FALSE | R42: Easy Ship
A43: 408-3478480-0881162 | B43: 44681 | C43: Shipped | D43: =IF(Table1[[#This Row],[Status]]="Cancelled","Cancelled","Completed") -> Completed | E43: Amazon | F43: Amazon.in | G43: Expedited | H43: SET360-KR-NP-M | I43: Set | J43: M | K43: Shipped | L43: 1 | M43: 1126 | N43: LUCKNOW | O43: UTTAR PRADESH | P43: IN | Q43: FALSE
A44: 402-7595162-9129931 | B44: 44681 | C44: Shipped | D44: =IF(Table1[[#This Row],[Status]]="Cancelled","Cancelled","Completed") -> Completed | E44: Amazon | F44: Amazon.in | G44: Expedited | H44: SET268-KR-NP-L | I44: Set | J44: L | K44: Shipped | L44: 1 | M44: 788 | N44: MUMBAI | O44: MAHARASHTRA | P44: IN | Q44: FALSE
A45: 171-6876154-6233146 | B45: 44681 | C45: Shipped | D45: =IF(Table1[[#This Row],[Status]]="Cancelled","Cancelled","Completed") -> Completed | E45: Amazon | F45: Amazon.in | G45: Expedited | H45: SET183-KR-DH-S | I45: Set | J45: S | K45: Shipped | L45: 1 | M45: 759 | N45: KOLKATA | O45: WEST BENGAL | P45: IN | Q45: FALSE
A46: 408-3917043-5314763 | B46: 44681 | C46: Shipped | D46: =IF(Table1[[#This Row],[Status]]="Cancelled","Cancelled","Completed") -> Completed | E46: Amazon | F46: Amazon.in | G46: Expedited | H46: J0230-SKD-L | I46: Set | J46: L | K46: Shipped | L46: 1 | M46: 1146 | N46: ONGOLE | O46: ANDHRA PRADESH | P46: IN | Q46: FALSE
A47: 408-9281152-6213100 | B47: 44681 | C47: Shipped | D47: =IF(Table1[[#This Row],[Status]]="Cancelled","Cancelled","Completed") -> Completed | E47: Amazon | F47: Amazon.in | G47: Expedited | H47: JNE3744-TU-S | I47: Top | J47: S | K47: Shipped | L47: 1 | M47: 665 | N47: SECUNDERABAD | O47: TELANGANA | P47: IN | Q47: FALSE
A48: 403-3496411-3082707 | B48: 44681 | C48: Shipped | D48: =IF(Table1[[#This Row],[Status]]="Cancelled","Cancelled","Completed") -> Completed | E48: Amazon | F48: Amazon.in | G48: Expedited | H48: JNE3510-KR-S | I48: kurta | J48: S | K48: Shipped | L48: 1 | M48: 429 | N48: HYDERABAD | O48: TELANGANA | P48: IN | Q48: FALSE
A49: 171-9208368-0157156 | B49: 44681 | C49: Shipped - Delivered to Buyer | D49: =IF(Table1[[#This Row],[Status]]="Cancelled","Cancelled","Completed") -> Completed | E49: Merchant | F49: Amazon.in | G49: Standard | H49: JNE3405-KR-M | I49: kurta | J49: M | K49: Shipped | L49: 1 | M49: 399 | N49: KEWALPUR | O49: UTTAR PRADESH | P49: IN | Q49: FALSE | R49: Easy Ship
A50: 408-2137113-0982751 | B50: 44681 | C50: Shipped | D50: =IF(Table1[[#This Row],[Status]]="Cancelled","Cancelled","Completed") -> Completed | E50: Amazon | F50: Amazon.in | G50: Expedited | H50: J0186-SET-S | I50: Set | J50: S | K50: Shipped | L50: 1 | M50: 848 | N50: CUTTACK | O50: ODISHA | P50: IN | Q50: FALSE
A51: 402-3628566-9688333 | B51: 44681 | C51: Shipped | D51: =IF(Table1[[#This Row],[Status]]="Cancelled","Cancelled","Completed") -> Completed | E51: Amazon | F51: Amazon.in | G51: Expedited | H51: J0003-SET-M | I51: Set | J51: M | K51: Shipped | L51: 1 | M51: 654 | N51: BADLAPUR | O51: MAHARASHTRA | P51: IN | Q51: FALSE
A52: 408-7138000-9728362 | B52: 44681 | C52: Shipped | D52: =IF(Table1[[#This Row],[Status]]="Cancelled","Cancelled","Completed") -> Completed | E52: Amazon | F52: Amazon.in | G52: Expedited | H52: SET282-KR-PP-M | I52: Set | J52: M | K52: Shipped | L52: 1 | M52: 1033 | N52: dimapur | O52: NAGALAND | P52: IN | Q52: FALSE
A53: 402-1752649-2274748 | B53: 44681 | C53: Shipped | D53: =IF(Table1[[#This Row],[Status]]="Cancelled","Cancelled","Completed") -> Completed | E53: Amazon | F53: Amazon.in | G53: Expedited | H53: JNE1407-BLACK-KR-UDF18-XL | I53: kurta | J53: XL | K53: Shipped | L53: 1 | M53: 390 | N53: BENGALURU | O53: KARNATAKA | P53: IN | Q53: FALSE
A54: 402-7944191-1869101 | B54: 44681 | C54: Shipped | D54: =IF(Table1[[#This Row],[Status]]="Cancelled","Cancelled","Completed") -> Completed | E54: Amazon | F54: Amazon.in | G54: Expedited | H54: J0301-TP-L | I54: Top | J54: L | K54: Shipped | L54: 1 | M54: 493 | N54: BENGALURU | O54: KARNATAKA | P54: IN | Q54: FALSE
A55: 407-4063876-9566742 | B55: 44681 | C55: Shipped | D55: =IF(Table1[[#This Row],[Status]]="Cancelled","Cancelled","Completed") -> Completed | E55: Amazon | F55: Amazon.in | G55: Expedited | H55: JNE3869-DR-S | I55: Western Dress | J55: S | K55: Shipped | L55: 1 | M55: 721 | N55: WARANGAL | O55: TELANGANA | P55: IN | Q55: FALSE
A56: 403-0752752-4656334 | B56: 44681 | C56: Shipped | D56: =IF(Table1[[#This Row],[Status]]="Cancelled","Cancelled","Completed") -> Completed | E56: Amazon | F56: Amazon.in | G56: Expedited | H56: SET324-KR-NP-XS | I56: Set | J56: XS | K56: Shipped | L56: 1 | M56: 597 | N56: DHAULPUR | O56: RAJASTHAN | P56: IN | Q56: FALSE
A57: 406-8879861-2081117 | B57: 44681 | C57: Shipped | D57: =IF(Table1[[#This Row],[Status]]="Cancelled","Cancelled","Completed") -> Completed | E57: Amazon | F57: Amazon.in | G57: Expedited | H57: JNE3405-KR-L | I57: kurta | J57: L | K57: Shipped | L57: 1 | M57: 399 | N57: GUWAHATI | O57: ASSAM | P57: IN | Q57: FALSE
A58: 406-8089333-7941903 | B58: 44681 | C58: Shipped | D58: =IF(Table1[[#This Row],[Status]]="Cancelled","Cancelled","Completed") -> Completed | E58: Amazon | F58: Amazon.in | G58: Expedited | H58: SET279-LC-S | I58: Set | J58: S | K58: Shipped | L58: 1 | M58: 888 | N58: Bengaluru | O58: KARNATAKA | P58: IN | Q58: FALSE
A59: 171-3072652-6805159 | B59: 44681 | C59: Shipped | D59: =IF(Table1[[#This Row],[Status]]="Cancelled","Cancelled","Completed") -> Completed | E59: Amazon | F59: Amazon.in | G59: Expedited | H59: JNE2014-KR-178-XXL | I59: kurta | J59: XXL | K59: Shipped | L59: 1 | M59: 353 | N59: HYDERABAD | O59: TELANGANA | P59: IN | Q59: FALSE
A60: 171-2592464-6846743 | B60: 44681 | C60: Shipped - Delivered to Buyer | D60: =IF(Table1[[#This Row],[Status]]="Cancelled","Cancelled","Completed") -> Completed | E60: Merchant | F60: Amazon.in | G60: Standard | H60: NW005-ST-PJ-XL | I60: Set | J60: XL | K60: Shipped | L60: 1 | M60: 599 | N60: BENGALURU | O60: KARNATAKA | P60: IN | Q60: FALSE | R60: Easy Ship
A61: 404-2262140-4696366 | B61: 44681 | C61: Shipped | D61: =IF(Table1[[#This Row],[Status]]="Cancelled","Cancelled","Completed") -> Completed | E61: Amazon | F61: Amazon.in | G61: Expedited | H61: JNE2270-KR-487-A-M | I61: kurta | J61: M | K61: Shipped | L61: 1 | M61: 518 | N61: NAGPUR | O61: MAHARASHTRA | P61: IN | Q61: FALSE
A62: 404-2262140-4696366 | B62: 44681 | C62: Shipped | D62: =IF(Table1[[#This Row],[Status]]="Cancelled","Cancelled","Completed") -> Completed | E62: Amazon | F62: Amazon.in | G62: Expedited | H62: JNE3579-KR-M | I62: kurta | J62: M | K62: Shipped | L62: 1 | M62: 295 | N62: NAGPUR | O62: MAHARASHTRA | P62: IN | Q62: FALSE
A63: 405-3594372-1614709 | B63: 44681 | C63: Shipped | D63: =IF(Table1[[#This Row],[Status]]="Cancelled","Cancelled","Completed") -> Completed | E63: Amazon | F63: Amazon.in | G63: Expedited | H63: SET347-KR-NP-XS | I63: Set | J63: XS | K63: Shipped | L63: 1 | M63: 852 | N63: GREATER NOIDA | O63: UTTAR PRADESH | P63: IN | Q63: FALSE
A64: 407-2974257-4781134 | B64: 44681 | C64: Shipped | D64: =IF(Table1[[#This Row],[Status]]="Cancelled","Cancelled","Completed") -> Completed | E64: Amazon | F64: Amazon.in | G64: Expedited | H64: SET264-KR-NP-M | I64: Set | J64: M | K64: Shipped | L64: 1 | M64: 824 | N64: THANE | O64: MAHARASHTRA | P64: IN | Q64: FALSE
A65: 405-4461562-9113959 | B65: 44681 | C65: Shipped | D65: =IF(Table1[[#This Row],[Status]]="Cancelled","Cancelled","Completed") -> Completed | E65: Amazon | F65: Amazon.in | G65: Expedited | H65: SET333-KR-DPT-XXL | I65: Set | J65: XXL | K65: Shipped | L65: 1 | M65: 909 | N65: RANCHI | O65: JHARKHAND | P65: IN | Q65: FALSE
A66: 404-4535078-5241919 | B66: 44681 | C66: Shipped | D66: =IF(Table1[[#This Row],[Status]]="Cancelled","Cancelled","Completed") -> Completed | E66: Amazon | F66: Amazon.in | G66: Expedited | H66: JNE3645-TP-N-L | I66: Top | J66: L | K66: Shipped | L66: 1 | M66: 432 | N66: PUNE | O66: MAHARASHTRA | P66: IN | Q66: FALSE
A67: 405-8387725-2971512 | B67: 44681 | C67: Shipped | D67: =IF(Table1[[#This Row],[Status]]="Cancelled","Cancelled","Completed") -> Completed | E67: Amazon | F67: Amazon.in | G67: Expedited | H67: SET233-KR-PP-L | I67: Set | J67: L | K67: Shipped | L67: 1 | M67: 545 | N67: BENGALURU | O67: KARNATAKA | P67: IN | Q67: FALSE
A68: 405-6480932-8759528 | B68: 44681 | C68: Shipped | D68: =IF(Table1[[#This Row],[Status]]="Cancelled","Cancelled","Completed") -> Completed | E68: Amazon | F68: Amazon.in | G68: Expedited | H68: J0381-SKD-XXXL | I68: Set | J68: 3XL | K68: Shipped | L68: 1 | M68: 1146 | N68: VIJAPURA | O68: KARNATAKA | P68: IN | Q68: FALSE
A69: 405-9966506-3155561 | B69: 44681 | C69: Shipped - Delivered to Buyer | D69: =IF(Table1[[#This Row],[Status]]="Cancelled","Cancelled","Completed") -> Completed | E69: Merchant | F69: Amazon.in | G69: Standard | H69: JNE3068-KR-A-XL | I69: kurta | J69: XL | K69: Shipped | L69: 1 | M69: 696 | N69: CHENNAI | O69: TAMIL NADU | P69: IN | Q69: FALSE | R69: Easy Ship
A70: 408-7029737-8028367 | B70: 44681 | C70: Shipped | D70: =IF(Table1[[#This Row],[Status]]="Cancelled","Cancelled","Completed") -> Completed | E70: Amazon | F70: Amazon.in | G70: Expedited | H70: JNE3718-KR-M | I70: kurta | J70: M | K70: Shipped | L70: 1 | M70: 432 | N70: MUMBAI | O70: MAHARASHTRA | P70: IN | Q70: FALSE
A71: 407-2189901-7515567 | B71: 44681 | C71: Shipped - Delivered to Buyer | D71: =IF(Table1[[#This Row],[Status]]="Cancelled","Cancelled","Completed") -> Completed | E71: Merchant | F71: Amazon.in | G71: Standard | H71: SET386-KR-NP-S | I71: Set | J71: S | K71: Shipped | L71: 1 | M71: 631 | N71: bangalore | O71: KARNATAKA | P71: IN | Q71: FALSE | R71: Easy Ship
A72: 402-2105657-2899562 | B72: 44681 | C72: Shipped | D72: =IF(Table1[[#This Row],[Status]]="Cancelled","Cancelled","Completed") -> Completed | E72: Amazon | F72: Amazon.in | G72: Expedited | H72: JNE3745-KR-XXL | I72: kurta | J72: XXL | K72: Shipped | L72: 1 | M72: 316 | N72: BENGALURU | O72: KARNATAKA | P72: IN | Q72: FALSE
A73: 406-1326801-8886709 | B73: 44681 | C73: Shipped - Delivered to Buyer | D73: =IF(Table1[[#This Row],[Status]]="Cancelled","Cancelled","Completed") -> Completed | E73: Merchant | F73: Amazon.in | G73: Standard | H73: JNE3467-KR-XL | I73: kurta | J73: XL | K73: Shipped | L73: 1 | M73: 362 | N73: BERHAMPUR | O73: ODISHA | P73: IN | Q73: FALSE | R73: Easy Ship
A74: 408-7760667-5809130 | B74: 44681 | C74: Shipped | D74: =IF(Table1[[#This Row],[Status]]="Cancelled","Cancelled","Completed") -> Completed | E74: Amazon | F74: Amazon.in | G74: Expedited | H74: JNE3721-KR-L | I74: kurta | J74: L | K74: Shipped | L74: 1 | M74: 329 | N74: HYDERABAD | O74: TELANGANA | P74: IN | Q74: FALSE
A75: 405-8457623-9269955 | B75: 44681 | C75: Shipped | D75: =IF(Table1[[#This Row],[Status]]="Cancelled","Cancelled","Completed") -> Completed | E75: Amazon | F75: Amazon.in | G75: Expedited | H75: JNE3405-KR-XXL | I75: kurta | J75: XXL | K75: Shipped | L75: 1 | M75: 399 | N75: PUNE | O75: MAHARASHTRA | P75: IN | Q75: FALSE
A76: 408-6820155-3521913 | B76: 44681 | C76: Shipped | D76: =IF(Table1[[#This Row],[Status]]="Cancelled","Cancelled","Completed") -> Completed | E76: Amazon | F76: Amazon.in | G76: Expedited | H76: SET295-KR-NP-XXXL | I76: Set | J76: 3XL | K76: Shipped | L76: 1 | M76: 751 | N76: TEZPUR | O76: ASSAM | P76: IN | Q76: FALSE
A77: 403-6190683-2687538 | B77: 44681 | C77: Shipped | D77: =IF(Table1[[#This Row],[Status]]="Cancelled","Cancelled","Completed") -> Completed | E77: Amazon | F77: Amazon.in | G77: Expedited | H77: JNE3861-DR-XL | I77: Western Dress | J77: XL | K77: Shipped | L77: 1 | M77: 791 | N77: HIMMATNAGAR | O77: Gujarat | P77: IN | Q77: FALSE
A78: 408-4069830-3819562 | B78: 44681 | C78: Shipped | D78: =IF(Table1[[#This Row],[Status]]="Cancelled","Cancelled","Completed") -> Completed | E78: Amazon | F78: Amazon.in | G78: Expedited | H78: SET288-KR-NP-XXXL | I78: Set | J78: 3XL | K78: Shipped | L78: 1 | M78: 684 | N78: Kolkata | O78: WEST BENGAL | P78: IN | Q78: FALSE
A79: 408-4069830-3819562 | B79: 44681 | C79: Shipped | D79: =IF(Table1[[#This Row],[Status]]="Cancelled","Cancelled","Completed") -> Completed | E79: Amazon | F79: Amazon.in | G79: Expedited | H79: SET394-KR-NP-XXXL | I79: Set | J79: 3XL | K79: Shipped | L79: 1 | M79: 1281 | N79: Kolkata | O79: WEST BENGAL | P79: IN | Q79: FALSE
A80: 408-4069830-3819562 | B80: 44681 | C80: Shipped | D80: =IF(Table1[[#This Row],[Status]]="Cancelled","Cancelled","Completed") -> Completed | E80: Amazon | F80: Amazon.in | G80: Expedited | H80: SET397-KR-NP-XXXL | I80: Set | J80: 3XL | K80: Shipped | L80: 1 | M80: 1186 | N80: Kolkata | O80: WEST BENGAL | P80: IN | Q80: FALSE
A81: 171-7367545-7081126 | B81: 44681 | C81: Shipped | D81: =IF(Table1[[#This Row],[Status]]="Cancelled","Cancelled","Completed") -> Completed | E81: Amazon | F81: Amazon.in | G81: Expedited | H81: MEN5002-KR-XXL | I81: kurta | J81: XXL | K81: Shipped | L81: 1 | M81: 499 | N81: HYDERABAD | O81: TELANGANA | P81: IN | Q81: FALSE
A82: 404-6522553-9345930 | B82: 44681 | C82: Cancelled | D82: =IF(Table1[[#This Row],[Status]]="Cancelled","Cancelled","Completed") -> Cancelled | E82: Merchant | F82: Amazon.in | G82: Standard | H82: SET377-KR-NP-M | I82: Set | J82: M | L82: 0 | M82: 1105.36 | N82: DEHRADUN | O82: UTTARAKHAND | P82: IN | Q82: FALSE | R82: Easy Ship
A83: 407-6599093-6553153 | B83: 44681 | C83: Shipped - Delivered to Buyer | D83: =IF(Table1[[#This Row],[Status]]="Cancelled","Cancelled","Completed") -> Completed | E83: Merchant | F83: Amazon.in | G83: Standard | H83: BTM038-PP-XXXL | I83: Bottom | J83: 3XL | K83: Shipped | L83: 1 | M83: 377 | N83: KOLKATA | O83: WEST BENGAL | P83: IN | Q83: FALSE | R83: Easy Ship
A84: 403-3763475-2237125 | B84: 44681 | C84: Shipped | D84: =IF(Table1[[#This Row],[Status]]="Cancelled","Cancelled","Completed") -> Completed | E84: Amazon | F84: Amazon.in | G84: Expedited | H84: J0343-DR-M | I84: Western Dress | J84: M | K84: Shipped | L84: 1 | M84: 744 | N84: DHARMAPURI | O84: TAMIL NADU | P84: IN | Q84: FALSE
A85: 405-1492294-0323520 | B85: 44681 | C85: Shipped | D85: =IF(Table1[[#This Row],[Status]]="Cancelled","Cancelled","Completed") -> Completed | E85: Amazon | F85: Amazon.in | G85: Expedited | H85: J0341-DR-XL | I85: Western Dress | J85: XL | K85: Shipped | L85: 1 | M85: 744 | N85: DEHRADUN | O85: UTTARAKHAND | P85: IN | Q85: FALSE
A86: 403-1162895-2484367 | B86: 44681 | C86: Shipped - Delivered to Buyer | D86: =IF(Table1[[#This Row],[Status]]="Cancelled","Cancelled","Completed") -> Completed | E86: Merchant | F86: Amazon.in | G86: Standard | H86: J0295-DR-XXL | I86: Western Dress | J86: XXL | K86: Shipped | L86: 1 | M86: 859 | N86: JAIPUR | O86: RAJASTHAN | P86: IN | Q86: FALSE | R86: Easy Ship
A87: 171-6833843-5473114 | B87: 44681 | C87: Shipped | D87: =IF(Table1[[#This Row],[Status]]="Cancelled","Cancelled","Completed") -> Completed | E87: Amazon | F87: Amazon.in | G87: Expedited | H87: JNE3560-KR-M | I87: kurta | J87: M | K87: Shipped | L87: 1 | M87: 487 | N87: VADODARA | O87: Gujarat | P87: IN | Q87: FALSE
A88: 403-1477057-8253913 | B88: 44681 | C88: Shipped | D88: =IF(Table1[[#This Row],[Status]]="Cancelled","Cancelled","Completed") -> Completed | E88: Amazon | F88: Amazon.in | G88: Expedited | H88: J0333-DR-XXXL | I88: Western Dress | J88: 3XL | K88: Shipped | L88: 1 | M88: 825 | N88: CHAVAKKAD | O88: KERALA | P88: IN | Q88: FALSE
A89: 408-2114413-6089906 | B89: 44681 | C89: Shipped | D89: =IF(Table1[[#This Row],[Status]]="Cancelled","Cancelled","Completed") -> Completed | E89: Amazon | F89: Amazon.in | G89: Expedited | H89: SET389-KR-NP-M | I89: Set | J89: M | K89: Shipped | L89: 1 | M89: 680 | N89: PATNA | O89: BIHAR | P89: IN | Q89: FALSE
A90: 405-1879750-2639521 | B90: 44681 | C90: Shipped - Delivered to Buyer | D90: =IF(Table1[[#This Row],[Status]]="Cancelled","Cancelled","Completed") -> Completed | E90: Merchant | F90: Amazon.in | G90: Standard | H90: JNE3801-KR-XXXL | I90: kurta | J90: 3XL | K90: Shipped | L90: 1 | M90: 725 | N90: CHENNAI | O90: TAMIL NADU | P90: IN | Q90: FALSE | R90: Easy Ship
A91: 406-5727754-5302723 | B91: 44681 | C91: Shipped | D91: =IF(Table1[[#This Row],[Status]]="Cancelled","Cancelled","Completed") -> Completed | E91: Amazon | F91: Amazon.in | G91: Expedited | H91: SET098-KR-PP-M | I91: Set | J91: M | K91: Shipped | L91: 1 | M91: 696 | N91: VADODARA | O91: Gujarat | P91: IN | Q91: FALSE
A92: 405-0901744-8270705 | B92: 44681 | C92: Shipped | D92: =IF(Table1[[#This Row],[Status]]="Cancelled","Cancelled","Completed") -> Completed | E92: Amazon | F92: Amazon.in | G92: Expedited | H92: MEN5013-KR-L | I92: kurta | J92: L | K92: Shipped | L92: 1 | M92: 499 | N92: VADODARA | O92: Gujarat | P92: IN | Q92: FALSE
A93: 408-6357132-2310703 | B93: 44681 | C93: Shipped | D93: =IF(Table1[[#This Row],[Status]]="Cancelled","Cancelled","Completed") -> Completed | E93: Amazon | F93: Amazon.in | G93: Expedited | H93: J0003-SET-L | I93: Set | J93: L | K93: Shipped | L93: 1 | M93: 696 | N93: Jammu | O93: JAMMU & KASHMIR | P93: IN | Q93: FALSE
A94: 406-5334922-9670748 | B94: 44681 | C94: Shipped | D94: =IF(Table1[[#This Row],[Status]]="Cancelled","Cancelled","Completed") -> Completed | E94: Amazon | F94: Amazon.in | G94: Expedited | H94: JNE3718-KR-XXXL | I94: kurta | J94: 3XL | K94: Shipped | L94: 1 | M94: 406 | N94: bangalore | O94: KARNATAKA | P94: IN | Q94: FALSE
A95: 402-8519791-3706738 | B95: 44681 | C95: Shipped | D95: =IF(Table1[[#This Row],[Status]]="Cancelled","Cancelled","Completed") -> Completed | E95: Amazon | F95: Amazon.in | G95: Expedited | H95: SET347-KR-NP-S | I95: Set | J95: S | K95: Shipped | L95: 1 | M95: 852 | N95: NEW DELHI | O95: DELHI | P95: IN | Q95: FALSE
A96: 408-1830318-0357940 | B96: 44681 | C96: Shipped | D96: =IF(Table1[[#This Row],[Status]]="Cancelled","Cancelled","Completed") -> Completed | E96: Amazon | F96: Amazon.in | G96: Expedited | H96: JNE3405-KR-XXL | I96: kurta | J96: XXL | K96: Shipped | L96: 1 | M96: 399 | N96: NARNAUND | O96: HARYANA | P96: IN | Q96: FALSE
A97: 406-5103760-7326749 | B97: 44681 | C97: Shipped | D97: =IF(Table1[[#This Row],[Status]]="Cancelled","Cancelled","Completed") -> Completed | E97: Amazon | F97: Amazon.in | G97: Expedited | H97: JNE3391-KR-XXL | I97: kurta | J97: XXL | K97: Shipped | L97: 1 | M97: 432 | N97: Ahmedabad | O97: Gujarat | P97: IN | Q97: FALSE
A98: 408-7698765-2294756 | B98: 44681 | C98: Shipped - Delivered to Buyer | D98: =IF(Table1[[#This Row],[Status]]="Cancelled","Cancelled","Completed") -> Completed | E98: Merchant | F98: Amazon.in | G98: Standard | H98: SET277-KR-NP-XXL | I98: Set | J98: XXL | K98: Shipped | L98: 1 | M98: 1338 | N98: AMBARNATH | O98: MAHARASHTRA | P98: IN | Q98: FALSE | R98: Easy Ship
A99: 404-1856281-9996319 | B99: 44681 | C99: Shipped - Delivered to Buyer | D99: =IF(Table1[[#This Row],[Status]]="Cancelled","Cancelled","Completed") -> Completed | E99: Merchant | F99: Amazon.in | G99: Standard | H99: J0293-DR-S | I99: Western Dress | J99: S | K99: Shipped | L99: 1 | M99: 472 | N99: GWALIOR | O99: MADHYA PRADESH | P99: IN | Q99: FALSE | R99: Easy Ship
A100: 406-5406738-7113145 | B100: 44681 | C100: Shipped | D100: =IF(Table1[[#This Row],[Status]]="Cancelled","Cancelled","Completed") -> Completed | E100: Amazon | F100: Amazon.in | G100: Expedited | H100: SET268-KR-NP-L | I100: Set | J100: L | K100: Shipped | L100: 1 | M100: 788 | N100: NEW DELHI | O100: DELHI | P100: IN | Q100: FALSE
...

Sheet KPI
A1: Column1 | B1: Column2
A2: Total Revenue | B2: =SUM('Cleaned data'!M:M) -> 180881.75
A3: Total Orders | B3: =COUNTA('Cleaned data'!A:A) -> 284
A4: Total Quantity sold | B4: =SUM('Cleaned data'!L:L) -> 275
A5: Cancelled orders | B5: =COUNTIF('Cleaned data'!D:D,"Cancelled") -> 16
A6: Completed Orders | B6: =COUNTIF('Cleaned data'!D:D,"Completed") -> 267
A7: Cancellation Rate | B7: =B5/B3 -> 0.056338028
A8: Average order value | B8: =AVERAGE('Cleaned data'!M:M) -> 639.15813

Sheet Category analysis
B5: Row Labels | C5: Sum of Amount
B6: Set | C6: 100277.61
B7: kurta | C7: 48460
B8: Western Dress | C8: 18959.33
B9: Top | C9: 11263.81
B10: Ethnic Dress | C10: 1544
B11: Bottom | C11: 377
B12: Grand Total | C12: 180881.75

Sheet Status analysis
B6: Row Labels | C6: Count of Order ID
B7: Cancelled | C7: 16
B8: Completed | C8: 267
B9: Grand Total | C9: 283

Sheet state analysis
B2: Row Labels | C2: Sum of Amount
B3: KARNATAKA | C3: 27149.35
B4: MAHARASHTRA | C4: 26778.1
B5: UTTAR PRADESH | C5: 16707
B6: TELANGANA | C6: 14093
B7: WEST BENGAL | C7: 13361
B8: TAMIL NADU | C8: 11818
B9: Gujarat | C9: 7275
B10: HARYANA | C10: 6444.04
B11: DELHI | C11: 6428
B12: BIHAR | C12: 6402
B13: Grand Total | C13: 136455.49

Sheet Fulfillment_Analysis
B2: Row Labels | C2: Sum of Amount
B3: (blank) | C3: 139811
B4: Easy Ship | C4: 41070.75
B5: Grand Total | C5: 180881.75

Sheet size analysis
B3: Row Labels | C3: Sum of Qty
B4: M | C4: 54
B5: S | C5: 44
B6: XL | C6: 42
B7: XXL | C7: 37
B8: L | C8: 37
B9: 3XL | C9: 32
B10: XS | C10: 23
B11: 6XL | C11: 3
B12: 4XL | C12: 2
B13: 5XL | C13: 1
B14: Grand Total | C14: 275

Sheet Top products analysis
B4: Row Labels | C4: Sum of Amount
B5: SET268-KR-NP-L | C5: 2364
B6: SET304-KR-DPT-XS | C6: 2230
B7: J0008-SKD-XXL | C7: 2130
B8: SET345-KR-NP-M | C8: 1918
B9: SET324-KR-NP-M | C9: 1791
B10: SET347-KR-NP-S | C10: 1704
B11: SET291-KR-PP-M | C11: 1696.48
B12: J0280-SKD-S | C12: 1463
B13: SET355-KR-PP-M | C13: 1399
B14: SET363-KR-NP-XXL | C14: 1338
B15: SET277-KR-NP-XXL | C15: 1338
B16: Grand Total | C16: 19371.48

Sheet B2B analysis
B4: Row Labels | C4: Count of Order ID
B5: Consumer orders | C5: 281
B6: Business orders | C6: 2
B7: Grand Total | C7: 283

Sheet Dashboard
